date,sold
2010-01-01,801
2010-01-02,810
2010-01-03,818
2010-01-04,796
2010-01-05,808
2010-01-06,812
2010-01-07,830
2010-01-08,812
2010-01-09,817
2010-01-10,832
2010-01-11,834
2010-01-12,826
2010-01-13,822
2010-01-14,811
2010-01-15,836
2010-01-16,841
2010-01-17,818
2010-01-18,827
2010-01-19,822
2010-01-20,817
2010-01-21,834
2010-01-22,825
2010-01-23,821
2010-01-24,840
2010-01-25,812
2010-01-26,835
2010-01-27,833
2010-01-28,833
2010-01-29,833
2010-01-30,840
2010-01-31,826
2010-02-01,835
2010-02-02,822
2010-02-03,833
2010-02-04,835
2010-02-05,843
2010-02-06,833
2010-02-07,839
2010-02-08,839
2010-02-09,855
2010-02-10,840
2010-02-11,849
2010-02-12,845
2010-02-13,861
2010-02-14,853
2010-02-15,844
2010-02-16,842
2010-02-17,846
2010-02-18,843
2010-02-19,843
2010-02-20,849
2010-02-21,858
2010-02-22,870
2010-02-23,855
2010-02-24,837
2010-02-25,856
2010-02-26,846
2010-02-27,853
2010-02-28,860
2010-03-01,848
2010-03-02,861
2010-03-03,848
2010-03-04,868
2010-03-05,861
2010-03-06,846
2010-03-07,868
2010-03-08,850
2010-03-09,879
2010-03-10,876
2010-03-11,846
2010-03-12,864
2010-03-13,860
2010-03-14,867
2010-03-15,867
2010-03-16,871
2010-03-17,872
2010-03-18,857
2010-03-19,872
2010-03-20,860
2010-03-21,873
2010-03-22,866
2010-03-23,875
2010-03-24,874
2010-03-25,870
2010-03-26,864
2010-03-27,854
2010-03-28,883
2010-03-29,862
2010-03-30,866
2010-03-31,875
2010-04-01,852
2010-04-02,873
2010-04-03,850
2010-04-04,854
2010-04-05,863
2010-04-06,871
2010-04-07,848
2010-04-08,880
2010-04-09,883
2010-04-10,877
2010-04-11,877
2010-04-12,873
2010-04-13,863
2010-04-14,855
2010-04-15,844
2010-04-16,864
2010-04-17,864
2010-04-18,857
2010-04-19,866
2010-04-20,865
2010-04-21,867
2010-04-22,862
2010-04-23,862
2010-04-24,852
2010-04-25,864
2010-04-26,865
2010-04-27,865
2010-04-28,841
2010-04-29,875
2010-04-30,861
2010-05-01,854
2010-05-02,876
2010-05-03,855
2010-05-04,872
2010-05-05,850
2010-05-06,858
2010-05-07,843
2010-05-08,849
2010-05-09,843
2010-05-10,857
2010-05-11,859
2010-05-12,866
2010-05-13,872
2010-05-14,860
2010-05-15,874
2010-05-16,867
2010-05-17,857
2010-05-18,842
2010-05-19,834
2010-05-20,843
2010-05-21,843
2010-05-22,832
2010-05-23,846
2010-05-24,828
2010-05-25,840
2010-05-26,836
2010-05-27,859
2010-05-28,845
2010-05-29,838
2010-05-30,860
2010-05-31,818
2010-06-01,847
2010-06-02,829
2010-06-03,831
2010-06-04,849
2010-06-05,850
2010-06-06,819
2010-06-07,840
2010-06-08,846
2010-06-09,831
2010-06-10,840
2010-06-11,827
2010-06-12,837
2010-06-13,832
2010-06-14,833
2010-06-15,821
2010-06-16,838
2010-06-17,829
2010-06-18,812
2010-06-19,807
2010-06-20,813
2010-06-21,807
2010-06-22,821
2010-06-23,833
2010-06-24,824
2010-06-25,821
2010-06-26,809
2010-06-27,823
2010-06-28,811
2010-06-29,830
2010-06-30,797
2010-07-01,812
2010-07-02,811
2010-07-03,791
2010-07-04,811
2010-07-05,816
2010-07-06,814
2010-07-07,812
2010-07-08,801
2010-07-09,813
2010-07-10,808
2010-07-11,796
2010-07-12,798
2010-07-13,807
2010-07-14,810
2010-07-15,797
2010-07-16,811
2010-07-17,794
2010-07-18,802
2010-07-19,804
2010-07-20,799
2010-07-21,795
2010-07-22,806
2010-07-23,802
2010-07-24,807
2010-07-25,791
2010-07-26,801
2010-07-27,797
2010-07-28,804
2010-07-29,788
2010-07-30,756
2010-07-31,776
2010-08-01,803
2010-08-02,791
2010-08-03,786
2010-08-04,788
2010-08-05,773
2010-08-06,783
2010-08-07,783
2010-08-08,777
2010-08-09,795
2010-08-10,782
2010-08-11,775
2010-08-12,777
2010-08-13,777
2010-08-14,783
2010-08-15,773
2010-08-16,774
2010-08-17,764
2010-08-18,789
2010-08-19,779
2010-08-20,767
2010-08-21,785
2010-08-22,765
2010-08-23,766
2010-08-24,794
2010-08-25,770
2010-08-26,763
2010-08-27,783
2010-08-28,761
2010-08-29,768
2010-08-30,782
2010-08-31,779
2010-09-01,764
2010-09-02,779
2010-09-03,782
2010-09-04,751
2010-09-05,761
2010-09-06,755
2010-09-07,767
2010-09-08,755
2010-09-09,769
2010-09-10,759
2010-09-11,774
2010-09-12,749
2010-09-13,768
2010-09-14,771
2010-09-15,766
2010-09-16,762
2010-09-17,797
2010-09-18,774
2010-09-19,754
2010-09-20,775
2010-09-21,763
2010-09-22,756
2010-09-23,766
2010-09-24,774
2010-09-25,775
2010-09-26,764
2010-09-27,782
2010-09-28,762
2010-09-29,774
2010-09-30,763
2010-10-01,776
2010-10-02,775
2010-10-03,776
2010-10-04,757
2010-10-05,753
2010-10-06,773
2010-10-07,770
2010-10-08,761
2010-10-09,765
2010-10-10,771
2010-10-11,777
2010-10-12,769
2010-10-13,773
2010-10-14,766
2010-10-15,779
2010-10-16,770
2010-10-17,771
2010-10-18,757
2010-10-19,762
2010-10-20,767
2010-10-21,753
2010-10-22,764
2010-10-23,768
2010-10-24,773
2010-10-25,766
2010-10-26,759
2010-10-27,752
2010-10-28,766
2010-10-29,778
2010-10-30,758
2010-10-31,765
2010-11-01,772
2010-11-02,766
2010-11-03,768
2010-11-04,769
2010-11-05,771
2010-11-06,778
2010-11-07,777
2010-11-08,777
2010-11-09,779
2010-11-10,783
2010-11-11,769
2010-11-12,782
2010-11-13,780
2010-11-14,771
2010-11-15,773
2010-11-16,771
2010-11-17,791
2010-11-18,786
2010-11-19,805
2010-11-20,800
2010-11-21,764
2010-11-22,797
2010-11-23,777
2010-11-24,770
2010-11-25,778
2010-11-26,800
2010-11-27,785
2010-11-28,788
2010-11-29,797
2010-11-30,801
2010-12-01,783
2010-12-02,795
2010-12-03,794
2010-12-04,792
2010-12-05,802
2010-12-06,783
2010-12-07,785
2010-12-08,792
2010-12-09,808
2010-12-10,799
2010-12-11,789
2010-12-12,811
2010-12-13,799
2010-12-14,805
2010-12-15,790
2010-12-16,808
2010-12-17,813
2010-12-18,816
2010-12-19,819
2010-12-20,803
2010-12-21,811
2010-12-22,805
2010-12-23,808
2010-12-24,803
2010-12-25,812
2010-12-26,799
2010-12-27,831
2010-12-28,801
2010-12-29,823
2010-12-30,828
2010-12-31,822
2011-01-01,833
2011-01-02,800
2011-01-03,820
2011-01-04,807
2011-01-05,811
2011-01-06,820
2011-01-07,807
2011-01-08,828
2011-01-09,833
2011-01-10,807
2011-01-11,823
2011-01-12,844
2011-01-13,823
2011-01-14,832
2011-01-15,847
2011-01-16,827
2011-01-17,846
2011-01-18,852
2011-01-19,829
2011-01-20,846
2011-01-21,852
2011-01-22,829
2011-01-23,842
2011-01-24,853
2011-01-25,849
2011-01-26,822
2011-01-27,842
2011-01-28,845
2011-01-29,858
2011-01-30,832
2011-01-31,839
2011-02-01,842
2011-02-02,852
2011-02-03,841
2011-02-04,862
2011-02-05,864
2011-02-06,864
2011-02-07,870
2011-02-08,859
2011-02-09,856
2011-02-10,856
2011-02-11,870
2011-02-12,868
2011-02-13,851
2011-02-14,857
2011-02-15,851
2011-02-16,880
2011-02-17,863
2011-02-18,859
2011-02-19,859
2011-02-20,880
2011-02-21,850
2011-02-22,867
2011-02-23,873
2011-02-24,865
2011-02-25,876
2011-02-26,866
2011-02-27,874
2011-02-28,872
2011-03-01,866
2011-03-02,860
2011-03-03,863
2011-03-04,867
2011-03-05,879
2011-03-06,862
2011-03-07,889
2011-03-08,873
2011-03-09,866
2011-03-10,874
2011-03-11,875
2011-03-12,874
2011-03-13,879
2011-03-14,853
2011-03-15,876
2011-03-16,851
2011-03-17,868
2011-03-18,885
2011-03-19,862
2011-03-20,875
2011-03-21,868
2011-03-22,857
2011-03-23,873
2011-03-24,876
2011-03-25,859
2011-03-26,868
2011-03-27,853
2011-03-28,876
2011-03-29,875
2011-03-30,886
2011-03-31,858
2011-04-01,865
2011-04-02,892
2011-04-03,884
2011-04-04,889
2011-04-05,878
2011-04-06,880
2011-04-07,865
2011-04-08,888
2011-04-09,871
2011-04-10,859
2011-04-11,890
2011-04-12,876
2011-04-13,877
2011-04-14,866
2011-04-15,881
2011-04-16,878
2011-04-17,857
2011-04-18,860
2011-04-19,878
2011-04-20,865
2011-04-21,882
2011-04-22,876
2011-04-23,872
2011-04-24,862
2011-04-25,857
2011-04-26,876
2011-04-27,874
2011-04-28,869
2011-04-29,869
2011-04-30,862
2011-05-01,868
2011-05-02,859
2011-05-03,868
2011-05-04,872
2011-05-05,861
2011-05-06,851
2011-05-07,883
2011-05-08,856
2011-05-09,878
2011-05-10,856
2011-05-11,853
2011-05-12,881
2011-05-13,883
2011-05-14,850
2011-05-15,875
2011-05-16,870
2011-05-17,851
2011-05-18,862
2011-05-19,844
2011-05-20,842
2011-05-21,853
2011-05-22,860
2011-05-23,873
2011-05-24,865
2011-05-25,860
2011-05-26,856
2011-05-27,854
2011-05-28,848
2011-05-29,858
2011-05-30,827
2011-05-31,840
2011-06-01,846
2011-06-02,850
2011-06-03,845
2011-06-04,844
2011-06-05,857
2011-06-06,846
2011-06-07,845
2011-06-08,842
2011-06-09,839
2011-06-10,841
2011-06-11,844
2011-06-12,856
2011-06-13,844
2011-06-14,828
2011-06-15,838
2011-06-16,835
2011-06-17,823
2011-06-18,815
2011-06-19,839
2011-06-20,842
2011-06-21,842
2011-06-22,831
2011-06-23,841
2011-06-24,835
2011-06-25,837
2011-06-26,829
2011-06-27,806
2011-06-28,813
2011-06-29,813
2011-06-30,826
2011-07-01,807
2011-07-02,812
2011-07-03,832
2011-07-04,812
2011-07-05,822
2011-07-06,825
2011-07-07,808
2011-07-08,799
2011-07-09,818
2011-07-10,824
2011-07-11,817
2011-07-12,798
2011-07-13,816
2011-07-14,810
2011-07-15,821
2011-07-16,819
2011-07-17,806
2011-07-18,787
2011-07-19,792
2011-07-20,817
2011-07-21,804
2011-07-22,810
2011-07-23,804
2011-07-24,811
2011-07-25,815
2011-07-26,796
2011-07-27,796
2011-07-28,798
2011-07-29,782
2011-07-30,815
2011-07-31,799
2011-08-01,798
2011-08-02,799
2011-08-03,809
2011-08-04,794
2011-08-05,790
2011-08-06,786
2011-08-07,792
2011-08-08,786
2011-08-09,794
2011-08-10,783
2011-08-11,797
2011-08-12,776
2011-08-13,788
2011-08-14,795
2011-08-15,780
2011-08-16,780
2011-08-17,782
2011-08-18,787
2011-08-19,774
2011-08-20,803
2011-08-21,796
2011-08-22,780
2011-08-23,792
2011-08-24,781
2011-08-25,776
2011-08-26,794
2011-08-27,767
2011-08-28,789
2011-08-29,775
2011-08-30,775
2011-08-31,795
2011-09-01,774
2011-09-02,765
2011-09-03,809
2011-09-04,781
2011-09-05,782
2011-09-06,781
2011-09-07,766
2011-09-08,780
2011-09-09,770
2011-09-10,787
2011-09-11,780
2011-09-12,784
2011-09-13,775
2011-09-14,775
2011-09-15,773
2011-09-16,768
2011-09-17,790
2011-09-18,773
2011-09-19,787
2011-09-20,778
2011-09-21,780
2011-09-22,756
2011-09-23,761
2011-09-24,783
2011-09-25,773
2011-09-26,778
2011-09-27,776
2011-09-28,765
2011-09-29,779
2011-09-30,761
2011-10-01,772
2011-10-02,778
2011-10-03,771
2011-10-04,771
2011-10-05,778
2011-10-06,784
2011-10-07,757
2011-10-08,779
2011-10-09,770
2011-10-10,783
2011-10-11,774
2011-10-12,776
2011-10-13,761
2011-10-14,762
2011-10-15,763
2011-10-16,754
2011-10-17,759
2011-10-18,783
2011-10-19,774
2011-10-20,786
2011-10-21,786
2011-10-22,783
2011-10-23,760
2011-10-24,784
2011-10-25,785
2011-10-26,791
2011-10-27,772
2011-10-28,772
2011-10-29,783
2011-10-30,778
2011-10-31,791
2011-11-01,752
2011-11-02,774
2011-11-03,802
2011-11-04,793
2011-11-05,794
2011-11-06,783
2011-11-07,771
2011-11-08,802
2011-11-09,798
2011-11-10,783
2011-11-11,775
2011-11-12,781
2011-11-13,777
2011-11-14,783
2011-11-15,770
2011-11-16,800
2011-11-17,803
2011-11-18,783
2011-11-19,802
2011-11-20,779
2011-11-21,770
2011-11-22,821
2011-11-23,796
2011-11-24,805
2011-11-25,801
2011-11-26,804
2011-11-27,799
2011-11-28,797
2011-11-29,798
2011-11-30,797
2011-12-01,800
2011-12-02,792
2011-12-03,796
2011-12-04,812
2011-12-05,800
2011-12-06,796
2011-12-07,803
2011-12-08,810
2011-12-09,799
2011-12-10,823
2011-12-11,820
2011-12-12,800
2011-12-13,824
2011-12-14,803
2011-12-15,807
2011-12-16,819
2011-12-17,805
2011-12-18,809
2011-12-19,813
2011-12-20,796
2011-12-21,830
2011-12-22,820
2011-12-23,817
2011-12-24,824
2011-12-25,813
2011-12-26,825
2011-12-27,804
2011-12-28,820
2011-12-29,824
2011-12-30,806
2011-12-31,824
2012-01-01,829
2012-01-02,833
2012-01-03,836
2012-01-04,832
2012-01-05,832
2012-01-06,834
2012-01-07,819
2012-01-08,824
2012-01-09,825
2012-01-10,844
2012-01-11,839
2012-01-12,845
2012-01-13,847
2012-01-14,848
2012-01-15,842
2012-01-16,853
2012-01-17,843
2012-01-18,839
2012-01-19,850
2012-01-20,834
2012-01-21,839
2012-01-22,864
2012-01-23,848
2012-01-24,849
2012-01-25,841
2012-01-26,860
2012-01-27,868
2012-01-28,852
2012-01-29,850
2012-01-30,854
2012-01-31,865
2012-02-01,857
2012-02-02,862
2012-02-03,853
2012-02-04,851
2012-02-05,854
2012-02-06,859
2012-02-07,857
2012-02-08,835
2012-02-09,867
2012-02-10,847
2012-02-11,854
2012-02-12,871
2012-02-13,879
2012-02-14,878
2012-02-15,866
2012-02-16,878
2012-02-17,866
2012-02-18,856
2012-02-19,855
2012-02-20,861
2012-02-21,863
2012-02-22,866
2012-02-23,859
2012-02-24,871
2012-02-25,881
2012-02-26,857
2012-02-27,891
2012-02-28,865
2012-02-29,873
2012-03-01,886
2012-03-02,874
2012-03-03,871
2012-03-04,882
2012-03-05,870
2012-03-06,869
2012-03-07,866
2012-03-08,884
2012-03-09,886
2012-03-10,895
2012-03-11,883
2012-03-12,878
2012-03-13,876
2012-03-14,878
2012-03-15,881
2012-03-16,885
2012-03-17,870
2012-03-18,876
2012-03-19,875
2012-03-20,881
2012-03-21,883
2012-03-22,856
2012-03-23,885
2012-03-24,875
2012-03-25,884
2012-03-26,876
2012-03-27,883
2012-03-28,887
2012-03-29,884
2012-03-30,859
2012-03-31,884
2012-04-01,884
2012-04-02,876
2012-04-03,882
2012-04-04,885
2012-04-05,863
2012-04-06,885
2012-04-07,879
2012-04-08,883
2012-04-09,882
2012-04-10,896
2012-04-11,880
2012-04-12,873
2012-04-13,866
2012-04-14,877
2012-04-15,861
2012-04-16,869
2012-04-17,877
2012-04-18,867
2012-04-19,880
2012-04-20,861
2012-04-21,880
2012-04-22,891
2012-04-23,880
2012-04-24,869
2012-04-25,867
2012-04-26,879
2012-04-27,887
2012-04-28,861
2012-04-29,876
2012-04-30,874
2012-05-01,866
2012-05-02,886
2012-05-03,871
2012-05-04,874
2012-05-05,859
2012-05-06,866
2012-05-07,865
2012-05-08,874
2012-05-09,855
2012-05-10,863
2012-05-11,847
2012-05-12,869
2012-05-13,855
2012-05-14,874
2012-05-15,875
2012-05-16,860
2012-05-17,865
2012-05-18,867
2012-05-19,877
2012-05-20,870
2012-05-21,860
2012-05-22,851
2012-05-23,862
2012-05-24,858
2012-05-25,873
2012-05-26,856
2012-05-27,856
2012-05-28,862
2012-05-29,854
2012-05-30,832
2012-05-31,858
2012-06-01,855
2012-06-02,845
2012-06-03,868
2012-06-04,856
2012-06-05,845
2012-06-06,853
2012-06-07,856
2012-06-08,835
2012-06-09,844
2012-06-10,861
2012-06-11,837
2012-06-12,852
2012-06-13,847
2012-06-14,846
2012-06-15,845
2012-06-16,839
2012-06-17,845
2012-06-18,827
2012-06-19,825
2012-06-20,858
2012-06-21,845
2012-06-22,820
2012-06-23,827
2012-06-24,839
2012-06-25,843
2012-06-26,840
2012-06-27,813
2012-06-28,836
2012-06-29,835
2012-06-30,831
2012-07-01,823
2012-07-02,815
2012-07-03,827
2012-07-04,831
2012-07-05,820
2012-07-06,827
2012-07-07,823
2012-07-08,819
2012-07-09,805
2012-07-10,813
2012-07-11,827
2012-07-12,806
2012-07-13,820
2012-07-14,835
2012-07-15,807
2012-07-16,807
2012-07-17,813
2012-07-18,813
2012-07-19,810
2012-07-20,815
2012-07-21,806
2012-07-22,825
2012-07-23,828
2012-07-24,814
2012-07-25,808
2012-07-26,819
2012-07-27,800
2012-07-28,784
2012-07-29,815
2012-07-30,805
2012-07-31,808
2012-08-01,800
2012-08-02,792
2012-08-03,807
2012-08-04,810
2012-08-05,797
2012-08-06,802
2012-08-07,795
2012-08-08,813
2012-08-09,802
2012-08-10,796
2012-08-11,803
2012-08-12,791
2012-08-13,784
2012-08-14,812
2012-08-15,807
2012-08-16,792
2012-08-17,799
2012-08-18,796
2012-08-19,799
2012-08-20,783
2012-08-21,775
2012-08-22,814
2012-08-23,785
2012-08-24,781
2012-08-25,782
2012-08-26,784
2012-08-27,773
2012-08-28,774
2012-08-29,782
2012-08-30,783
2012-08-31,788
2012-09-01,793
2012-09-02,777
2012-09-03,765
2012-09-04,788
2012-09-05,792
2012-09-06,783
2012-09-07,786
2012-09-08,788
2012-09-09,789
2012-09-10,778
2012-09-11,774
2012-09-12,783
2012-09-13,775
2012-09-14,785
2012-09-15,782
2012-09-16,788
2012-09-17,773
2012-09-18,776
2012-09-19,784
2012-09-20,781
2012-09-21,778
2012-09-22,794
2012-09-23,767
2012-09-24,791
2012-09-25,772
2012-09-26,761
2012-09-27,779
2012-09-28,767
2012-09-29,768
2012-09-30,795
2012-10-01,780
2012-10-02,778
2012-10-03,780
2012-10-04,771
2012-10-05,782
2012-10-06,764
2012-10-07,759
2012-10-08,766
2012-10-09,788
2012-10-10,768
2012-10-11,764
2012-10-12,781
2012-10-13,791
2012-10-14,791
2012-10-15,772
2012-10-16,791
2012-10-17,790
2012-10-18,772
2012-10-19,789
2012-10-20,799
2012-10-21,801
2012-10-22,790
2012-10-23,775
2012-10-24,791
2012-10-25,800
2012-10-26,780
2012-10-27,784
2012-10-28,768
2012-10-29,784
2012-10-30,794
2012-10-31,774
2012-11-01,786
2012-11-02,756
2012-11-03,807
2012-11-04,792
2012-11-05,780
2012-11-06,785
2012-11-07,779
2012-11-08,784
2012-11-09,770
2012-11-10,795
2012-11-11,805
2012-11-12,806
2012-11-13,784
2012-11-14,804
2012-11-15,781
2012-11-16,788
2012-11-17,797
2012-11-18,795
2012-11-19,782
2012-11-20,798
2012-11-21,809
2012-11-22,812
2012-11-23,795
2012-11-24,793
2012-11-25,797
2012-11-26,798
2012-11-27,799
2012-11-28,804
2012-11-29,792
2012-11-30,793
2012-12-01,813
2012-12-02,797
2012-12-03,806
2012-12-04,808
2012-12-05,807
2012-12-06,815
2012-12-07,807
2012-12-08,801
2012-12-09,810
2012-12-10,793
2012-12-11,808
2012-12-12,835
2012-12-13,814
2012-12-14,835
2012-12-15,813
2012-12-16,807
2012-12-17,808
2012-12-18,830
2012-12-19,829
2012-12-20,836
2012-12-21,827
2012-12-22,827
2012-12-23,834
2012-12-24,824
2012-12-25,824
2012-12-26,831
2012-12-27,834
2012-12-28,852
2012-12-29,836
2012-12-30,831
2012-12-31,830
2013-01-01,841
2013-01-02,838
2013-01-03,840
2013-01-04,822
2013-01-05,846
2013-01-06,841
2013-01-07,826
2013-01-08,830
2013-01-09,859
2013-01-10,836
2013-01-11,847
2013-01-12,857
2013-01-13,813
2013-01-14,847
2013-01-15,837
2013-01-16,846
2013-01-17,849
2013-01-18,847
2013-01-19,852
2013-01-20,843
2013-01-21,861
2013-01-22,838
2013-01-23,836
2013-01-24,839
2013-01-25,866
2013-01-26,850
2013-01-27,839
2013-01-28,850
2013-01-29,862
2013-01-30,865
2013-01-31,857
2013-02-01,869
2013-02-02,864
2013-02-03,863
2013-02-04,861
2013-02-05,856
2013-02-06,863
2013-02-07,859
2013-02-08,850
2013-02-09,877
2013-02-10,870
2013-02-11,882
2013-02-12,860
2013-02-13,861
2013-02-14,878
2013-02-15,869
2013-02-16,878
2013-02-17,877
2013-02-18,877
2013-02-19,851
2013-02-20,888
2013-02-21,872
2013-02-22,864
2013-02-23,882
2013-02-24,882
2013-02-25,874
2013-02-26,855
2013-02-27,868
2013-02-28,880
2013-03-01,875
2013-03-02,862
2013-03-03,884
2013-03-04,873
2013-03-05,860
2013-03-06,889
2013-03-07,882
2013-03-08,883
2013-03-09,869
2013-03-10,877
2013-03-11,886
2013-03-12,878
2013-03-13,882
2013-03-14,885
2013-03-15,879
2013-03-16,882
2013-03-17,910
2013-03-18,891
2013-03-19,877
2013-03-20,881
2013-03-21,876
2013-03-22,870
2013-03-23,902
2013-03-24,868
2013-03-25,874
2013-03-26,895
2013-03-27,891
2013-03-28,897
2013-03-29,891
2013-03-30,890
2013-03-31,888
2013-04-01,891
2013-04-02,901
2013-04-03,900
2013-04-04,887
2013-04-05,877
2013-04-06,878
2013-04-07,894
2013-04-08,880
2013-04-09,900
2013-04-10,888
2013-04-11,885
2013-04-12,866
2013-04-13,874
2013-04-14,888
2013-04-15,871
2013-04-16,885
2013-04-17,874
2013-04-18,887
2013-04-19,890
2013-04-20,862
2013-04-21,867
2013-04-22,895
2013-04-23,863
2013-04-24,879
2013-04-25,878
2013-04-26,880
2013-04-27,856
2013-04-28,892
2013-04-29,885
2013-04-30,887
2013-05-01,882
2013-05-02,869
2013-05-03,886
2013-05-04,896
2013-05-05,869
2013-05-06,877
2013-05-07,867
2013-05-08,868
2013-05-09,878
2013-05-10,878
2013-05-11,845
2013-05-12,885
2013-05-13,868
2013-05-14,866
2013-05-15,865
2013-05-16,889
2013-05-17,871
2013-05-18,873
2013-05-19,866
2013-05-20,874
2013-05-21,858
2013-05-22,867
2013-05-23,875
2013-05-24,886
2013-05-25,852
2013-05-26,877
2013-05-27,840
2013-05-28,843
2013-05-29,845
2013-05-30,853
2013-05-31,861
2013-06-01,859
2013-06-02,854
2013-06-03,848
2013-06-04,864
2013-06-05,861
2013-06-06,851
2013-06-07,856
2013-06-08,863
2013-06-09,869
2013-06-10,842
2013-06-11,852
2013-06-12,851
2013-06-13,837
2013-06-14,841
2013-06-15,851
2013-06-16,851
2013-06-17,847
2013-06-18,843
2013-06-19,836
2013-06-20,845
2013-06-21,821
2013-06-22,855
2013-06-23,843
2013-06-24,840
2013-06-25,843
2013-06-26,840
2013-06-27,809
2013-06-28,838
2013-06-29,825
2013-06-30,821
2013-07-01,830
2013-07-02,833
2013-07-03,828
2013-07-04,831
2013-07-05,821
2013-07-06,818
2013-07-07,823
2013-07-08,828
2013-07-09,830
2013-07-10,829
2013-07-11,829
2013-07-12,813
2013-07-13,814
2013-07-14,810
2013-07-15,815
2013-07-16,814
2013-07-17,807
2013-07-18,816
2013-07-19,807
2013-07-20,796
2013-07-21,812
2013-07-22,809
2013-07-23,812
2013-07-24,802
2013-07-25,814
2013-07-26,813
2013-07-27,810
2013-07-28,800
2013-07-29,802
2013-07-30,812
2013-07-31,810
2013-08-01,807
2013-08-02,802
2013-08-03,803
2013-08-04,809
2013-08-05,787
2013-08-06,816
2013-08-07,791
2013-08-08,789
2013-08-09,794
2013-08-10,804
2013-08-11,793
2013-08-12,789
2013-08-13,804
2013-08-14,789
2013-08-15,797
2013-08-16,796
2013-08-17,804
2013-08-18,815
2013-08-19,787
2013-08-20,768
2013-08-21,812
2013-08-22,783
2013-08-23,794
2013-08-24,786
2013-08-25,775
2013-08-26,782
2013-08-27,785
2013-08-28,791
2013-08-29,792
2013-08-30,789
2013-08-31,785
2013-09-01,777
2013-09-02,770
2013-09-03,791
2013-09-04,777
2013-09-05,785
2013-09-06,781
2013-09-07,777
2013-09-08,783
2013-09-09,786
2013-09-10,793
2013-09-11,784
2013-09-12,785
2013-09-13,792
2013-09-14,782
2013-09-15,783
2013-09-16,762
2013-09-17,780
2013-09-18,759
2013-09-19,780
2013-09-20,774
2013-09-21,782
2013-09-22,785
2013-09-23,783
2013-09-24,780
2013-09-25,776
2013-09-26,803
2013-09-27,778
2013-09-28,776
2013-09-29,768
2013-09-30,774
2013-10-01,785
2013-10-02,786
2013-10-03,769
2013-10-04,779
2013-10-05,758
2013-10-06,776
2013-10-07,759
2013-10-08,780
2013-10-09,779
2013-10-10,779
2013-10-11,787
2013-10-12,762
2013-10-13,787
2013-10-14,778
2013-10-15,786
2013-10-16,771
2013-10-17,786
2013-10-18,770
2013-10-19,779
2013-10-20,796
2013-10-21,768
2013-10-22,787
2013-10-23,772
2013-10-24,782
2013-10-25,770
2013-10-26,773
2013-10-27,790
2013-10-28,783
2013-10-29,781
2013-10-30,773
2013-10-31,791
2013-11-01,787
2013-11-02,785
2013-11-03,778
2013-11-04,772
2013-11-05,785
2013-11-06,782
2013-11-07,768
2013-11-08,800
2013-11-09,790
2013-11-10,774
2013-11-11,802
2013-11-12,788
2013-11-13,779
2013-11-14,787
2013-11-15,793
2013-11-16,796
2013-11-17,783
2013-11-18,801
2013-11-19,791
2013-11-20,790
2013-11-21,794
2013-11-22,794
2013-11-23,804
2013-11-24,809
2013-11-25,805
2013-11-26,806
2013-11-27,803
2013-11-28,796
2013-11-29,806
2013-11-30,821
2013-12-01,809
2013-12-02,814
2013-12-03,812
2013-12-04,808
2013-12-05,825
2013-12-06,830
2013-12-07,791
2013-12-08,814
2013-12-09,813
2013-12-10,821
2013-12-11,816
2013-12-12,810
2013-12-13,816
2013-12-14,797
2013-12-15,816
2013-12-16,808
2013-12-17,805
2013-12-18,827
2013-12-19,802
2013-12-20,809
2013-12-21,830
2013-12-22,809
2013-12-23,827
2013-12-24,816
2013-12-25,826
2013-12-26,821
2013-12-27,826
2013-12-28,825
2013-12-29,820
2013-12-30,851
2013-12-31,825
2014-01-01,834
2014-01-02,827
2014-01-03,840
2014-01-04,849
2014-01-05,835
2014-01-06,834
2014-01-07,839
2014-01-08,843
2014-01-09,839
2014-01-10,858
2014-01-11,830
2014-01-12,843
2014-01-13,846
2014-01-14,849
2014-01-15,840
2014-01-16,842
2014-01-17,848
2014-01-18,834
2014-01-19,836
2014-01-20,846
2014-01-21,853
2014-01-22,849
2014-01-23,851
2014-01-24,844
2014-01-25,842
2014-01-26,855
2014-01-27,864
2014-01-28,866
2014-01-29,847
2014-01-30,868
2014-01-31,868
2014-02-01,867
2014-02-02,847
2014-02-03,845
2014-02-04,874
2014-02-05,846
2014-02-06,853
2014-02-07,880
2014-02-08,870
2014-02-09,873
2014-02-10,887
2014-02-11,863
2014-02-12,881
2014-02-13,867
2014-02-14,890
2014-02-15,844
2014-02-16,875
2014-02-17,855
2014-02-18,877
2014-02-19,854
2014-02-20,868
2014-02-21,869
2014-02-22,856
2014-02-23,854
2014-02-24,867
2014-02-25,870
2014-02-26,872
2014-02-27,858
2014-02-28,873
2014-03-01,893
2014-03-02,871
2014-03-03,867
2014-03-04,889
2014-03-05,881
2014-03-06,865
2014-03-07,870
2014-03-08,890
2014-03-09,860
2014-03-10,884
2014-03-11,875
2014-03-12,887
2014-03-13,888
2014-03-14,885
2014-03-15,881
2014-03-16,897
2014-03-17,866
2014-03-18,881
2014-03-19,876
2014-03-20,873
2014-03-21,890
2014-03-22,884
2014-03-23,886
2014-03-24,893
2014-03-25,876
2014-03-26,892
2014-03-27,875
2014-03-28,885
2014-03-29,899
2014-03-30,881
2014-03-31,874
2014-04-01,895
2014-04-02,864
2014-04-03,893
2014-04-04,888
2014-04-05,858
2014-04-06,882
2014-04-07,887
2014-04-08,880
2014-04-09,877
2014-04-10,899
2014-04-11,903
2014-04-12,884
2014-04-13,891
2014-04-14,866
2014-04-15,902
2014-04-16,881
2014-04-17,881
2014-04-18,894
2014-04-19,896
2014-04-20,885
2014-04-21,891
2014-04-22,870
2014-04-23,867
2014-04-24,863
2014-04-25,872
2014-04-26,866
2014-04-27,877
2014-04-28,880
2014-04-29,883
2014-04-30,862
2014-05-01,875
2014-05-02,859
2014-05-03,870
2014-05-04,881
2014-05-05,894
2014-05-06,862
2014-05-07,878
2014-05-08,874
2014-05-09,884
2014-05-10,880
2014-05-11,870
2014-05-12,875
2014-05-13,867
2014-05-14,869
2014-05-15,864
2014-05-16,861
2014-05-17,873
2014-05-18,860
2014-05-19,887
2014-05-20,871
2014-05-21,860
2014-05-22,871
2014-05-23,876
2014-05-24,853
2014-05-25,858
2014-05-26,861
2014-05-27,870
2014-05-28,859
2014-05-29,842
2014-05-30,849
2014-05-31,849
2014-06-01,854
2014-06-02,863
2014-06-03,865
2014-06-04,858
2014-06-05,848
2014-06-06,847
2014-06-07,847
2014-06-08,861
2014-06-09,845
2014-06-10,844
2014-06-11,850
2014-06-12,868
2014-06-13,843
2014-06-14,870
2014-06-15,858
2014-06-16,850
2014-06-17,840
2014-06-18,860
2014-06-19,847
2014-06-20,840
2014-06-21,843
2014-06-22,840
2014-06-23,834
2014-06-24,827
2014-06-25,829
2014-06-26,826
2014-06-27,823
2014-06-28,838
2014-06-29,849
2014-06-30,837
2014-07-01,836
2014-07-02,828
2014-07-03,841
2014-07-04,835
2014-07-05,825
2014-07-06,820
2014-07-07,828
2014-07-08,804
2014-07-09,830
2014-07-10,838
2014-07-11,829
2014-07-12,821
2014-07-13,816
2014-07-14,827
2014-07-15,814
2014-07-16,824
2014-07-17,838
2014-07-18,816
2014-07-19,804
2014-07-20,818
2014-07-21,814
2014-07-22,817
2014-07-23,812
2014-07-24,812
2014-07-25,813
2014-07-26,776
2014-07-27,813
2014-07-28,800
2014-07-29,819
2014-07-30,818
2014-07-31,821
2014-08-01,810
2014-08-02,780
2014-08-03,807
2014-08-04,803
2014-08-05,820
2014-08-06,813
2014-08-07,814
2014-08-08,800
2014-08-09,796
2014-08-10,791
2014-08-11,788
2014-08-12,787
2014-08-13,801
2014-08-14,807
2014-08-15,791
2014-08-16,792
2014-08-17,798
2014-08-18,792
2014-08-19,793
2014-08-20,799
2014-08-21,780
2014-08-22,777
2014-08-23,788
2014-08-24,797
2014-08-25,784
2014-08-26,782
2014-08-27,781
2014-08-28,783
2014-08-29,794
2014-08-30,784
2014-08-31,779
2014-09-01,786
2014-09-02,797
2014-09-03,778
2014-09-04,782
2014-09-05,786
2014-09-06,789
2014-09-07,795
2014-09-08,779
2014-09-09,776
2014-09-10,786
2014-09-11,789
2014-09-12,785
2014-09-13,757
2014-09-14,797
2014-09-15,783
2014-09-16,768
2014-09-17,780
2014-09-18,774
2014-09-19,792
2014-09-20,769
2014-09-21,766
2014-09-22,787
2014-09-23,780
2014-09-24,773
2014-09-25,770
2014-09-26,765
2014-09-27,800
2014-09-28,790
2014-09-29,775
2014-09-30,777
2014-10-01,786
2014-10-02,787
2014-10-03,783
2014-10-04,758
2014-10-05,779
2014-10-06,789
2014-10-07,796
2014-10-08,779
2014-10-09,787
2014-10-10,777
2014-10-11,796
2014-10-12,777
2014-10-13,782
2014-10-14,789
2014-10-15,774
2014-10-16,798
2014-10-17,784
2014-10-18,785
2014-10-19,790
2014-10-20,770
2014-10-21,779
2014-10-22,790
2014-10-23,783
2014-10-24,790
2014-10-25,780
2014-10-26,806
2014-10-27,783
2014-10-28,786
2014-10-29,796
2014-10-30,792
2014-10-31,774
2014-11-01,750
2014-11-02,793
2014-11-03,794
2014-11-04,777
2014-11-05,788
2014-11-06,799
2014-11-07,771
2014-11-08,782
2014-11-09,799
2014-11-10,789
2014-11-11,790
2014-11-12,773
2014-11-13,784
2014-11-14,780
2014-11-15,808
2014-11-16,798
2014-11-17,791
2014-11-18,787
2014-11-19,800
2014-11-20,785
2014-11-21,807
2014-11-22,801
2014-11-23,793
2014-11-24,783
2014-11-25,799
2014-11-26,785
2014-11-27,806
2014-11-28,798
2014-11-29,807
2014-11-30,801
2014-12-01,804
2014-12-02,809
2014-12-03,799
2014-12-04,797
2014-12-05,800
2014-12-06,817
2014-12-07,804
2014-12-08,786
2014-12-09,804
2014-12-10,799
2014-12-11,805
2014-12-12,800
2014-12-13,811
2014-12-14,807
2014-12-15,812
2014-12-16,823
2014-12-17,823
2014-12-18,817
2014-12-19,820
2014-12-20,837
2014-12-21,817
2014-12-22,825
2014-12-23,813
2014-12-24,823
2014-12-25,819
2014-12-26,821
2014-12-27,813
2014-12-28,812
2014-12-29,842
2014-12-30,828
2014-12-31,836
2015-01-01,838
2015-01-02,831
2015-01-03,814
2015-01-04,828
2015-01-05,830
2015-01-06,852
2015-01-07,832
2015-01-08,848
2015-01-09,839
2015-01-10,858
2015-01-11,852
2015-01-12,827
2015-01-13,844
2015-01-14,844
2015-01-15,838
2015-01-16,851
2015-01-17,852
2015-01-18,845
2015-01-19,843
2015-01-20,842
2015-01-21,843
2015-01-22,837
2015-01-23,841
2015-01-24,850
2015-01-25,855
2015-01-26,851
2015-01-27,854
2015-01-28,849
2015-01-29,868
2015-01-30,853
2015-01-31,862
2015-02-01,849
2015-02-02,857
2015-02-03,858
2015-02-04,861
2015-02-05,881
2015-02-06,860
2015-02-07,858
2015-02-08,866
2015-02-09,872
2015-02-10,874
2015-02-11,886
2015-02-12,880
2015-02-13,868
2015-02-14,858
2015-02-15,877
2015-02-16,865
2015-02-17,876
2015-02-18,852
2015-02-19,880
2015-02-20,869
2015-02-21,868
2015-02-22,870
2015-02-23,867
2015-02-24,888
2015-02-25,870
2015-02-26,875
2015-02-27,873
2015-02-28,875
2015-03-01,877
2015-03-02,875
2015-03-03,868
2015-03-04,882
2015-03-05,882
2015-03-06,877
2015-03-07,873
2015-03-08,878
2015-03-09,864
2015-03-10,887
2015-03-11,878
2015-03-12,871
2015-03-13,876
2015-03-14,880
2015-03-15,886
2015-03-16,909
2015-03-17,878
2015-03-18,895
2015-03-19,898
2015-03-20,885
2015-03-21,879
2015-03-22,890
2015-03-23,898
2015-03-24,891
2015-03-25,898
2015-03-26,872
2015-03-27,901
2015-03-28,880
2015-03-29,874
2015-03-30,889
2015-03-31,892
2015-04-01,887
2015-04-02,891
2015-04-03,875
2015-04-04,887
2015-04-05,884
2015-04-06,876
2015-04-07,878
2015-04-08,872
2015-04-09,874
2015-04-10,890
2015-04-11,891
2015-04-12,870
2015-04-13,888
2015-04-14,903
2015-04-15,886
2015-04-16,863
2015-04-17,881
2015-04-18,870
2015-04-19,869
2015-04-20,879
2015-04-21,891
2015-04-22,885
2015-04-23,878
2015-04-24,881
2015-04-25,863
2015-04-26,894
2015-04-27,888
2015-04-28,888
2015-04-29,879
2015-04-30,889
2015-05-01,874
2015-05-02,879
2015-05-03,867
2015-05-04,861
2015-05-05,875
2015-05-06,874
2015-05-07,874
2015-05-08,882
2015-05-09,874
2015-05-10,861
2015-05-11,871
2015-05-12,866
2015-05-13,881
2015-05-14,865
2015-05-15,878
2015-05-16,844
2015-05-17,888
2015-05-18,862
2015-05-19,872
2015-05-20,866
2015-05-21,845
2015-05-22,848
2015-05-23,857
2015-05-24,851
2015-05-25,839
2015-05-26,861
2015-05-27,852
2015-05-28,855
2015-05-29,848
2015-05-30,853
2015-05-31,872
2015-06-01,862
2015-06-02,864
2015-06-03,856
2015-06-04,861
2015-06-05,847
2015-06-06,862
2015-06-07,840
2015-06-08,834
2015-06-09,841
2015-06-10,847
2015-06-11,839
2015-06-12,847
2015-06-13,828
2015-06-14,841
2015-06-15,849
2015-06-16,839
2015-06-17,836
2015-06-18,847
2015-06-19,853
2015-06-20,845
2015-06-21,837
2015-06-22,840
2015-06-23,849
2015-06-24,847
2015-06-25,836
2015-06-26,846
2015-06-27,839
2015-06-28,832
2015-06-29,835
2015-06-30,845
2015-07-01,840
2015-07-02,825
2015-07-03,819
2015-07-04,826
2015-07-05,837
2015-07-06,824
2015-07-07,822
2015-07-08,824
2015-07-09,827
2015-07-10,834
2015-07-11,847
2015-07-12,819
2015-07-13,826
2015-07-14,824
2015-07-15,838
2015-07-16,810
2015-07-17,818
2015-07-18,830
2015-07-19,811
2015-07-20,802
2015-07-21,815
2015-07-22,807
2015-07-23,825
2015-07-24,792
2015-07-25,812
2015-07-26,789
2015-07-27,818
2015-07-28,798
2015-07-29,801
2015-07-30,807
2015-07-31,797
2015-08-01,792
2015-08-02,803
2015-08-03,823
2015-08-04,782
2015-08-05,806
2015-08-06,787
2015-08-07,817
2015-08-08,803
2015-08-09,786
2015-08-10,809
2015-08-11,790
2015-08-12,798
2015-08-13,768
2015-08-14,791
2015-08-15,807
2015-08-16,805
2015-08-17,773
2015-08-18,802
2015-08-19,803
2015-08-20,790
2015-08-21,789
2015-08-22,793
2015-08-23,785
2015-08-24,782
2015-08-25,793
2015-08-26,803
2015-08-27,791
2015-08-28,777
2015-08-29,765
2015-08-30,773
2015-08-31,809
2015-09-01,765
2015-09-02,776
2015-09-03,796
2015-09-04,787
2015-09-05,794
2015-09-06,790
2015-09-07,784
2015-09-08,782
2015-09-09,770
2015-09-10,780
2015-09-11,788
2015-09-12,795
2015-09-13,790
2015-09-14,801
2015-09-15,784
2015-09-16,764
2015-09-17,765
2015-09-18,784
2015-09-19,747
2015-09-20,759
2015-09-21,791
2015-09-22,776
2015-09-23,794
2015-09-24,776
2015-09-25,778
2015-09-26,764
2015-09-27,772
2015-09-28,781
2015-09-29,800
2015-09-30,770
2015-10-01,783
2015-10-02,770
2015-10-03,756
2015-10-04,772
2015-10-05,775
2015-10-06,767
2015-10-07,771
2015-10-08,780
2015-10-09,786
2015-10-10,772
2015-10-11,766
2015-10-12,784
2015-10-13,770
2015-10-14,773
2015-10-15,777
2015-10-16,768
2015-10-17,786
2015-10-18,778
2015-10-19,768
2015-10-20,778
2015-10-21,790
2015-10-22,804
2015-10-23,785
2015-10-24,768
2015-10-25,769
2015-10-26,774
2015-10-27,764
2015-10-28,784
2015-10-29,787
2015-10-30,780
2015-10-31,778
2015-11-01,776
2015-11-02,770
2015-11-03,778
2015-11-04,793
2015-11-05,779
2015-11-06,779
2015-11-07,784
2015-11-08,777
2015-11-09,790
2015-11-10,798
2015-11-11,787
2015-11-12,804
2015-11-13,777
2015-11-14,780
2015-11-15,792
2015-11-16,802
2015-11-17,798
2015-11-18,797
2015-11-19,791
2015-11-20,803
2015-11-21,800
2015-11-22,793
2015-11-23,791
2015-11-24,805
2015-11-25,804
2015-11-26,778
2015-11-27,785
2015-11-28,797
2015-11-29,808
2015-11-30,802
2015-12-01,808
2015-12-02,797
2015-12-03,801
2015-12-04,818
2015-12-05,796
2015-12-06,800
2015-12-07,805
2015-12-08,820
2015-12-09,789
2015-12-10,813
2015-12-11,810
2015-12-12,796
2015-12-13,813
2015-12-14,828
2015-12-15,820
2015-12-16,829
2015-12-17,807
2015-12-18,823
2015-12-19,818
2015-12-20,813
2015-12-21,833
2015-12-22,819
2015-12-23,821
2015-12-24,814
2015-12-25,813
2015-12-26,823
2015-12-27,813
2015-12-28,831
2015-12-29,836
2015-12-30,825
2015-12-31,835
2016-01-01,834
2016-01-02,833
2016-01-03,842
2016-01-04,822
2016-01-05,819
2016-01-06,828
2016-01-07,835
2016-01-08,839
2016-01-09,835
2016-01-10,830
2016-01-11,856
2016-01-12,838
2016-01-13,841
2016-01-14,850
2016-01-15,833
2016-01-16,855
2016-01-17,843
2016-01-18,840
2016-01-19,836
2016-01-20,857
2016-01-21,852
2016-01-22,853
2016-01-23,844
2016-01-24,840
2016-01-25,846
2016-01-26,860
2016-01-27,842
2016-01-28,841
2016-01-29,856
2016-01-30,848
2016-01-31,873
2016-02-01,845
2016-02-02,863
2016-02-03,857
2016-02-04,862
2016-02-05,850
2016-02-06,868
2016-02-07,877
2016-02-08,857
2016-02-09,882
2016-02-10,870
2016-02-11,863
2016-02-12,862
2016-02-13,865
2016-02-14,880
2016-02-15,863
2016-02-16,872
2016-02-17,870
2016-02-18,865
2016-02-19,847
2016-02-20,860
2016-02-21,869
2016-02-22,880
2016-02-23,864
2016-02-24,862
2016-02-25,877
2016-02-26,878
2016-02-27,858
2016-02-28,866
2016-02-29,871
2016-03-01,873
2016-03-02,847
2016-03-03,885
2016-03-04,872
2016-03-05,887
2016-03-06,882
2016-03-07,890
2016-03-08,886
2016-03-09,865
2016-03-10,879
2016-03-11,882
2016-03-12,893
2016-03-13,883
2016-03-14,877
2016-03-15,880
2016-03-16,885
2016-03-17,877
2016-03-18,879
2016-03-19,884
2016-03-20,882
2016-03-21,881
2016-03-22,871
2016-03-23,891
2016-03-24,886
2016-03-25,890
2016-03-26,878
2016-03-27,879
2016-03-28,878
2016-03-29,883
2016-03-30,892
2016-03-31,878
2016-04-01,884
2016-04-02,878
2016-04-03,892
2016-04-04,877
2016-04-05,895
2016-04-06,878
2016-04-07,880
2016-04-08,880
2016-04-09,864
2016-04-10,880
2016-04-11,895
2016-04-12,882
2016-04-13,886
2016-04-14,881
2016-04-15,877
2016-04-16,870
2016-04-17,888
2016-04-18,881
2016-04-19,900
2016-04-20,872
2016-04-21,881
2016-04-22,861
2016-04-23,876
2016-04-24,874
2016-04-25,884
2016-04-26,879
2016-04-27,884
2016-04-28,887
2016-04-29,871
2016-04-30,868
2016-05-01,892
2016-05-02,888
2016-05-03,881
2016-05-04,878
2016-05-05,877
2016-05-06,876
2016-05-07,868
2016-05-08,863
2016-05-09,874
2016-05-10,855
2016-05-11,879
2016-05-12,852
2016-05-13,862
2016-05-14,868
2016-05-15,860
2016-05-16,868
2016-05-17,871
2016-05-18,867
2016-05-19,865
2016-05-20,880
2016-05-21,855
2016-05-22,867
2016-05-23,864
2016-05-24,862
2016-05-25,871
2016-05-26,856
2016-05-27,861
2016-05-28,853
2016-05-29,854
2016-05-30,844
2016-05-31,861
2016-06-01,854
2016-06-02,852
2016-06-03,862
2016-06-04,871
2016-06-05,862
2016-06-06,847
2016-06-07,842
2016-06-08,841
2016-06-09,839
2016-06-10,875
2016-06-11,835
2016-06-12,844
2016-06-13,829
2016-06-14,845
2016-06-15,859
2016-06-16,836
2016-06-17,858
2016-06-18,824
2016-06-19,835
2016-06-20,855
2016-06-21,830
2016-06-22,835
2016-06-23,844
2016-06-24,841
2016-06-25,845
2016-06-26,827
2016-06-27,846
2016-06-28,838
2016-06-29,847
2016-06-30,825
2016-07-01,821
2016-07-02,826
2016-07-03,808
2016-07-04,848
2016-07-05,831
2016-07-06,822
2016-07-07,820
2016-07-08,822
2016-07-09,810
2016-07-10,802
2016-07-11,824
2016-07-12,824
2016-07-13,824
2016-07-14,814
2016-07-15,809
2016-07-16,803
2016-07-17,820
2016-07-18,817
2016-07-19,826
2016-07-20,813
2016-07-21,818
2016-07-22,822
2016-07-23,818
2016-07-24,802
2016-07-25,800
2016-07-26,824
2016-07-27,801
2016-07-28,814
2016-07-29,831
2016-07-30,795
2016-07-31,807
2016-08-01,804
2016-08-02,797
2016-08-03,794
2016-08-04,791
2016-08-05,808
2016-08-06,795
2016-08-07,807
2016-08-08,809
2016-08-09,801
2016-08-10,801
2016-08-11,793
2016-08-12,812
2016-08-13,812
2016-08-14,787
2016-08-15,782
2016-08-16,786
2016-08-17,791
2016-08-18,789
2016-08-19,788
2016-08-20,803
2016-08-21,782
2016-08-22,785
2016-08-23,792
2016-08-24,796
2016-08-25,799
2016-08-26,781
2016-08-27,790
2016-08-28,787
2016-08-29,783
2016-08-30,783
2016-08-31,789
2016-09-01,785
2016-09-02,784
2016-09-03,795
2016-09-04,802
2016-09-05,765
2016-09-06,789
2016-09-07,768
2016-09-08,788
2016-09-09,777
2016-09-10,768
2016-09-11,788
2016-09-12,795
2016-09-13,781
2016-09-14,783
2016-09-15,778
2016-09-16,777
2016-09-17,790
2016-09-18,781
2016-09-19,776
2016-09-20,787
2016-09-21,792
2016-09-22,781
2016-09-23,786
2016-09-24,761
2016-09-25,776
2016-09-26,764
2016-09-27,776
2016-09-28,765
2016-09-29,765
2016-09-30,757
2016-10-01,771
2016-10-02,773
2016-10-03,768
2016-10-04,770
2016-10-05,787
2016-10-06,788
2016-10-07,769
2016-10-08,779
2016-10-09,770
2016-10-10,780
2016-10-11,784
2016-10-12,765
2016-10-13,781
2016-10-14,782
2016-10-15,790
2016-10-16,798
2016-10-17,790
2016-10-18,783
2016-10-19,793
2016-10-20,776
2016-10-21,768
2016-10-22,791
2016-10-23,788
2016-10-24,799
2016-10-25,778
2016-10-26,767
2016-10-27,775
2016-10-28,787
2016-10-29,764
2016-10-30,769
2016-10-31,799
2016-11-01,813
2016-11-02,799
2016-11-03,780
2016-11-04,796
2016-11-05,785
2016-11-06,780
2016-11-07,783
2016-11-08,804
2016-11-09,783
2016-11-10,782
2016-11-11,783
2016-11-12,804
2016-11-13,787
2016-11-14,805
2016-11-15,816
2016-11-16,800
2016-11-17,802
2016-11-18,795
2016-11-19,784
2016-11-20,801
2016-11-21,797
2016-11-22,785
2016-11-23,790
2016-11-24,811
2016-11-25,791
2016-11-26,805
2016-11-27,799
2016-11-28,807
2016-11-29,805
2016-11-30,802
2016-12-01,776
2016-12-02,809
2016-12-03,816
2016-12-04,807
2016-12-05,824
2016-12-06,823
2016-12-07,819
2016-12-08,809
2016-12-09,804
2016-12-10,811
2016-12-11,807
2016-12-12,822
2016-12-13,814
2016-12-14,834
2016-12-15,823
2016-12-16,816
2016-12-17,828
2016-12-18,806
2016-12-19,811
2016-12-20,820
2016-12-21,829
2016-12-22,811
2016-12-23,833
2016-12-24,825
2016-12-25,817
2016-12-26,829
2016-12-27,835
2016-12-28,836
2016-12-29,820
2016-12-30,823
2016-12-31,842
2017-01-01,850
2017-01-02,839
2017-01-03,838
2017-01-04,835
2017-01-05,835
2017-01-06,822
2017-01-07,832
2017-01-08,824
2017-01-09,849
2017-01-10,839
2017-01-11,832
2017-01-12,862
2017-01-13,854
2017-01-14,832
2017-01-15,855
2017-01-16,845
2017-01-17,844
2017-01-18,856
2017-01-19,832
2017-01-20,853
2017-01-21,845
2017-01-22,861
2017-01-23,836
2017-01-24,844
2017-01-25,852
2017-01-26,834
2017-01-27,845
2017-01-28,842
2017-01-29,854
2017-01-30,857
2017-01-31,874
2017-02-01,854
2017-02-02,851
2017-02-03,849
2017-02-04,868
2017-02-05,858
2017-02-06,866
2017-02-07,849
2017-02-08,876
2017-02-09,858
2017-02-10,864
2017-02-11,870
2017-02-12,862
2017-02-13,870
2017-02-14,876
2017-02-15,848
2017-02-16,878
2017-02-17,857
2017-02-18,888
2017-02-19,875
2017-02-20,878
2017-02-21,852
2017-02-22,879
2017-02-23,879
2017-02-24,878
2017-02-25,892
2017-02-26,869
2017-02-27,878
2017-02-28,888
2017-03-01,876
2017-03-02,883
2017-03-03,879
2017-03-04,873
2017-03-05,876
2017-03-06,871
2017-03-07,882
2017-03-08,873
2017-03-09,889
2017-03-10,894
2017-03-11,882
2017-03-12,881
2017-03-13,896
2017-03-14,882
2017-03-15,887
2017-03-16,873
2017-03-17,872
2017-03-18,878
2017-03-19,899
2017-03-20,880
2017-03-21,883
2017-03-22,892
2017-03-23,880
2017-03-24,890
2017-03-25,891
2017-03-26,881
2017-03-27,865
2017-03-28,882
2017-03-29,893
2017-03-30,890
2017-03-31,867
2017-04-01,886
2017-04-02,888
2017-04-03,882
2017-04-04,888
2017-04-05,886
2017-04-06,874
2017-04-07,886
2017-04-08,884
2017-04-09,869
2017-04-10,872
2017-04-11,904
2017-04-12,886
2017-04-13,900
2017-04-14,888
2017-04-15,893
2017-04-16,879
2017-04-17,877
2017-04-18,873
2017-04-19,876
2017-04-20,894
2017-04-21,869
2017-04-22,891
2017-04-23,875
2017-04-24,871
2017-04-25,880
2017-04-26,890
2017-04-27,873
2017-04-28,868
2017-04-29,883
2017-04-30,864
2017-05-01,883
2017-05-02,876
2017-05-03,878
2017-05-04,860
2017-05-05,860
2017-05-06,868
2017-05-07,876
2017-05-08,891
2017-05-09,873
2017-05-10,887
2017-05-11,867
2017-05-12,840
2017-05-13,872
2017-05-14,870
2017-05-15,863
2017-05-16,864
2017-05-17,877
2017-05-18,863
2017-05-19,864
2017-05-20,882
2017-05-21,859
2017-05-22,877
2017-05-23,860
2017-05-24,852
2017-05-25,871
2017-05-26,854
2017-05-27,867
2017-05-28,872
2017-05-29,850
2017-05-30,884
2017-05-31,855
2017-06-01,847
2017-06-02,879
2017-06-03,863
2017-06-04,861
2017-06-05,855
2017-06-06,856
2017-06-07,851
2017-06-08,851
2017-06-09,855
2017-06-10,858
2017-06-11,843
2017-06-12,852
2017-06-13,849
2017-06-14,856
2017-06-15,849
2017-06-16,838
2017-06-17,862
2017-06-18,842
2017-06-19,856
2017-06-20,848
2017-06-21,859
2017-06-22,845
2017-06-23,834
2017-06-24,832
2017-06-25,841
2017-06-26,818
2017-06-27,844
2017-06-28,813
2017-06-29,823
2017-06-30,847
2017-07-01,829
2017-07-02,830
2017-07-03,828
2017-07-04,839
2017-07-05,843
2017-07-06,816
2017-07-07,830
2017-07-08,822
2017-07-09,829
2017-07-10,828
2017-07-11,820
2017-07-12,809
2017-07-13,812
2017-07-14,812
2017-07-15,808
2017-07-16,832
2017-07-17,808
2017-07-18,811
2017-07-19,806
2017-07-20,818
2017-07-21,816
2017-07-22,805
2017-07-23,816
2017-07-24,835
2017-07-25,819
2017-07-26,821
2017-07-27,805
2017-07-28,813
2017-07-29,822
2017-07-30,812
2017-07-31,799
2017-08-01,804
2017-08-02,810
2017-08-03,814
2017-08-04,789
2017-08-05,797
2017-08-06,799
2017-08-07,807
2017-08-08,811
2017-08-09,791
2017-08-10,803
2017-08-11,808
2017-08-12,795
2017-08-13,791
2017-08-14,790
2017-08-15,803
2017-08-16,808
2017-08-17,815
2017-08-18,804
2017-08-19,796
2017-08-20,783
2017-08-21,785
2017-08-22,781
2017-08-23,782
2017-08-24,789
2017-08-25,774
2017-08-26,786
2017-08-27,786
2017-08-28,806
2017-08-29,803
2017-08-30,784
2017-08-31,809
2017-09-01,790
2017-09-02,803
2017-09-03,791
2017-09-04,784
2017-09-05,778
2017-09-06,780
2017-09-07,778
2017-09-08,784
2017-09-09,769
2017-09-10,777
2017-09-11,784
2017-09-12,772
2017-09-13,792
2017-09-14,782
2017-09-15,781
2017-09-16,782
2017-09-17,781
2017-09-18,789
2017-09-19,772
2017-09-20,784
2017-09-21,770
2017-09-22,778
2017-09-23,766
2017-09-24,777
2017-09-25,788
2017-09-26,775
2017-09-27,800
2017-09-28,778
2017-09-29,773
2017-09-30,778
2017-10-01,783
2017-10-02,791
2017-10-03,776
2017-10-04,796
2017-10-05,784
2017-10-06,778
2017-10-07,759
2017-10-08,772
2017-10-09,780
2017-10-10,791
2017-10-11,759
2017-10-12,779
2017-10-13,787
2017-10-14,792
2017-10-15,767
2017-10-16,769
2017-10-17,784
2017-10-18,783
2017-10-19,772
2017-10-20,791
2017-10-21,791
2017-10-22,784
2017-10-23,788
2017-10-24,790
2017-10-25,796
2017-10-26,785
2017-10-27,802
2017-10-28,784
2017-10-29,778
2017-10-30,773
2017-10-31,792
2017-11-01,795
2017-11-02,791
2017-11-03,784
2017-11-04,797
2017-11-05,779
2017-11-06,790
2017-11-07,786
2017-11-08,810
2017-11-09,796
2017-11-10,807
2017-11-11,793
2017-11-12,791
2017-11-13,801
2017-11-14,806
2017-11-15,812
2017-11-16,809
2017-11-17,814
2017-11-18,810
2017-11-19,805
2017-11-20,823
2017-11-21,794
2017-11-22,815
2017-11-23,778
2017-11-24,797
2017-11-25,797
2017-11-26,794
2017-11-27,804
2017-11-28,802
2017-11-29,799
2017-11-30,806
2017-12-01,801
2017-12-02,801
2017-12-03,803
2017-12-04,799
2017-12-05,816
2017-12-06,806
2017-12-07,805
2017-12-08,811
2017-12-09,802
2017-12-10,819
2017-12-11,834
2017-12-12,811
2017-12-13,813
2017-12-14,831
2017-12-15,818
2017-12-16,820
2017-12-17,817
2017-12-18,828
2017-12-19,812
2017-12-20,835
2017-12-21,835
2017-12-22,829
2017-12-23,836
2017-12-24,823
2017-12-25,828
2017-12-26,837
2017-12-27,829
2017-12-28,839
2017-12-29,828
2017-12-30,844
2017-12-31,836
2018-01-01,845
2018-01-02,828
2018-01-03,832
2018-01-04,859
2018-01-05,843
2018-01-06,833
2018-01-07,846
2018-01-08,818
2018-01-09,857
2018-01-10,847
2018-01-11,831
2018-01-12,849
2018-01-13,829
2018-01-14,848
2018-01-15,849
2018-01-16,861
2018-01-17,835
2018-01-18,855
2018-01-19,843
2018-01-20,868
2018-01-21,838
2018-01-22,860
2018-01-23,853
2018-01-24,851
2018-01-25,865
2018-01-26,856
2018-01-27,875
2018-01-28,858
2018-01-29,873
2018-01-30,866
2018-01-31,858
2018-02-01,862
2018-02-02,863
2018-02-03,878
2018-02-04,866
2018-02-05,856
2018-02-06,872
2018-02-07,873
2018-02-08,865
2018-02-09,863
2018-02-10,850
2018-02-11,865
2018-02-12,870
2018-02-13,876
2018-02-14,892
2018-02-15,862
2018-02-16,883
2018-02-17,862
2018-02-18,871
2018-02-19,894
2018-02-20,867
2018-02-21,879
2018-02-22,882
2018-02-23,853
2018-02-24,886
2018-02-25,879
2018-02-26,870
2018-02-27,884
2018-02-28,870
2018-03-01,874
2018-03-02,866
2018-03-03,884
2018-03-04,881
2018-03-05,889
2018-03-06,890
2018-03-07,885
2018-03-08,878
2018-03-09,880
2018-03-10,882
2018-03-11,879
2018-03-12,893
2018-03-13,921
2018-03-14,888
2018-03-15,887
2018-03-16,872
2018-03-17,885
2018-03-18,897
2018-03-19,888
2018-03-20,898
2018-03-21,871
2018-03-22,883
2018-03-23,886
2018-03-24,883
2018-03-25,903
2018-03-26,895
2018-03-27,906
2018-03-28,892
2018-03-29,892
2018-03-30,878
2018-03-31,887
2018-04-01,893
2018-04-02,897
2018-04-03,882
2018-04-04,884
2018-04-05,897
2018-04-06,901
2018-04-07,875
2018-04-08,906
2018-04-09,876
2018-04-10,905
2018-04-11,889
2018-04-12,904
2018-04-13,904
2018-04-14,884
2018-04-15,888
2018-04-16,885
2018-04-17,887
2018-04-18,900
2018-04-19,886
2018-04-20,904
2018-04-21,896
2018-04-22,880
2018-04-23,879
2018-04-24,889
2018-04-25,883
2018-04-26,890
2018-04-27,868
2018-04-28,871
2018-04-29,872
2018-04-30,894
2018-05-01,867
2018-05-02,894
2018-05-03,875
2018-05-04,879
2018-05-05,875
2018-05-06,891
2018-05-07,897
2018-05-08,879
2018-05-09,870
2018-05-10,889
2018-05-11,864
2018-05-12,881
2018-05-13,869
2018-05-14,859
2018-05-15,874
2018-05-16,869
2018-05-17,881
2018-05-18,874
2018-05-19,885
2018-05-20,863
2018-05-21,873
2018-05-22,869
2018-05-23,864
2018-05-24,890
2018-05-25,871
2018-05-26,881
2018-05-27,868
2018-05-28,864
2018-05-29,866
2018-05-30,858
2018-05-31,864
2018-06-01,860
2018-06-02,869
2018-06-03,852
2018-06-04,843
2018-06-05,850
2018-06-06,879
2018-06-07,855
2018-06-08,866
2018-06-09,876
2018-06-10,856
2018-06-11,837
2018-06-12,861
2018-06-13,857
2018-06-14,842
2018-06-15,840
2018-06-16,853
2018-06-17,846
2018-06-18,854
2018-06-19,848
2018-06-20,865
2018-06-21,848
2018-06-22,853
2018-06-23,837
2018-06-24,845
2018-06-25,834
2018-06-26,844
2018-06-27,840
2018-06-28,829
2018-06-29,849
2018-06-30,819
2018-07-01,834
2018-07-02,838
2018-07-03,836
2018-07-04,831
2018-07-05,834
2018-07-06,828
2018-07-07,826
2018-07-08,827
2018-07-09,822
2018-07-10,829
2018-07-11,822
2018-07-12,810
2018-07-13,817
2018-07-14,817
2018-07-15,816
2018-07-16,828
2018-07-17,821
2018-07-18,823
2018-07-19,815
2018-07-20,820
2018-07-21,841
2018-07-22,829
2018-07-23,823
2018-07-24,829
2018-07-25,815
2018-07-26,823
2018-07-27,817
2018-07-28,799
2018-07-29,817
2018-07-30,819
2018-07-31,821
2018-08-01,833
2018-08-02,794
2018-08-03,806
2018-08-04,817
2018-08-05,825
2018-08-06,796
2018-08-07,798
2018-08-08,809
2018-08-09,831
2018-08-10,800
2018-08-11,797
2018-08-12,801
2018-08-13,809
2018-08-14,810
2018-08-15,800
2018-08-16,786
2018-08-17,797
2018-08-18,798
2018-08-19,802
2018-08-20,800
2018-08-21,805
2018-08-22,818
2018-08-23,805
2018-08-24,806
2018-08-25,784
2018-08-26,772
2018-08-27,790
2018-08-28,797
2018-08-29,791
2018-08-30,806
2018-08-31,807
2018-09-01,788
2018-09-02,777
2018-09-03,814
2018-09-04,808
2018-09-05,790
2018-09-06,778
2018-09-07,789
2018-09-08,791
2018-09-09,794
2018-09-10,781
2018-09-11,792
2018-09-12,790
2018-09-13,782
2018-09-14,788
2018-09-15,775
2018-09-16,794
2018-09-17,772
2018-09-18,781
2018-09-19,780
2018-09-20,808
2018-09-21,786
2018-09-22,785
2018-09-23,803
2018-09-24,788
2018-09-25,791
2018-09-26,779
2018-09-27,783
2018-09-28,794
2018-09-29,803
2018-09-30,787
2018-10-01,785
2018-10-02,785
2018-10-03,791
2018-10-04,794
2018-10-05,795
2018-10-06,793
2018-10-07,779
2018-10-08,819
2018-10-09,806
2018-10-10,794
2018-10-11,781
2018-10-12,787
2018-10-13,790
2018-10-14,788
2018-10-15,780
2018-10-16,801
2018-10-17,797
2018-10-18,787
2018-10-19,788
2018-10-20,798
2018-10-21,780
2018-10-22,797
2018-10-23,796
2018-10-24,796
2018-10-25,805
2018-10-26,780
2018-10-27,796
2018-10-28,805
2018-10-29,802
2018-10-30,770
2018-10-31,802
2018-11-01,805
2018-11-02,758
2018-11-03,801
2018-11-04,795
2018-11-05,802
2018-11-06,802
2018-11-07,794
2018-11-08,806
2018-11-09,818
2018-11-10,792
2018-11-11,791
2018-11-12,788
2018-11-13,811
2018-11-14,783
2018-11-15,805
2018-11-16,789
2018-11-17,806
2018-11-18,813
2018-11-19,799
2018-11-20,795
2018-11-21,803
2018-11-22,807
2018-11-23,821
2018-11-24,814
2018-11-25,805
2018-11-26,818
2018-11-27,797
2018-11-28,819
2018-11-29,816
2018-11-30,809
2018-12-01,807
2018-12-02,819
2018-12-03,821
2018-12-04,836
2018-12-05,817
2018-12-06,804
2018-12-07,805
2018-12-08,823
2018-12-09,811
2018-12-10,832
2018-12-11,812
2018-12-12,837
2018-12-13,824
2018-12-14,822
2018-12-15,832
2018-12-16,845
2018-12-17,837
2018-12-18,822
2018-12-19,833
2018-12-20,805
2018-12-21,835
2018-12-22,843
2018-12-23,818
2018-12-24,826
2018-12-25,831
2018-12-26,831
2018-12-27,847
2018-12-28,854
2018-12-29,839
2018-12-30,847
2018-12-31,839
2019-01-01,845
2019-01-02,851
2019-01-03,840
2019-01-04,842
2019-01-05,845
2019-01-06,855
2019-01-07,822
2019-01-08,850
2019-01-09,868
2019-01-10,849
2019-01-11,856
2019-01-12,860
2019-01-13,874
2019-01-14,863
2019-01-15,868
2019-01-16,867
2019-01-17,867
2019-01-18,857
2019-01-19,857
2019-01-20,855
2019-01-21,887
2019-01-22,856
2019-01-23,871
2019-01-24,863
2019-01-25,857
2019-01-26,866
2019-01-27,875
2019-01-28,849
2019-01-29,883
2019-01-30,875
2019-01-31,874
2019-02-01,870
2019-02-02,868
2019-02-03,874
2019-02-04,900
2019-02-05,875
2019-02-06,883
2019-02-07,879
2019-02-08,886
2019-02-09,873
2019-02-10,899
2019-02-11,874
2019-02-12,887
2019-02-13,890
2019-02-14,888
2019-02-15,894
2019-02-16,880
2019-02-17,890
2019-02-18,884
2019-02-19,910
2019-02-20,888
2019-02-21,871
2019-02-22,888
2019-02-23,880
2019-02-24,899
2019-02-25,874
2019-02-26,879
2019-02-27,872
2019-02-28,888
2019-03-01,870
2019-03-02,881
2019-03-03,888
2019-03-04,904
2019-03-05,892
2019-03-06,896
2019-03-07,887
2019-03-08,904
2019-03-09,892
2019-03-10,909
2019-03-11,885
2019-03-12,905
2019-03-13,874
2019-03-14,897
2019-03-15,885
2019-03-16,889
2019-03-17,898
2019-03-18,896
2019-03-19,894
2019-03-20,897
2019-03-21,910
2019-03-22,922
2019-03-23,898
2019-03-24,887
2019-03-25,888
2019-03-26,901
2019-03-27,889
2019-03-28,898
2019-03-29,891
2019-03-30,909
2019-03-31,893
2019-04-01,908
2019-04-02,897
2019-04-03,890
2019-04-04,902
2019-04-05,882
2019-04-06,899
2019-04-07,907
2019-04-08,912
2019-04-09,898
2019-04-10,893
2019-04-11,897
2019-04-12,908
2019-04-13,893
2019-04-14,902
2019-04-15,899
2019-04-16,910
2019-04-17,899
2019-04-18,905
2019-04-19,903
2019-04-20,913
2019-04-21,893
2019-04-22,896
2019-04-23,877
2019-04-24,882
2019-04-25,892
2019-04-26,900
2019-04-27,898
2019-04-28,902
2019-04-29,879
2019-04-30,889
2019-05-01,898
2019-05-02,881
2019-05-03,908
2019-05-04,886
2019-05-05,889
2019-05-06,897
2019-05-07,882
2019-05-08,909
2019-05-09,891
2019-05-10,885
2019-05-11,880
2019-05-12,887
2019-05-13,893
2019-05-14,910
2019-05-15,894
2019-05-16,886
2019-05-17,889
2019-05-18,891
2019-05-19,868
2019-05-20,888
2019-05-21,873
2019-05-22,877
2019-05-23,894
2019-05-24,905
2019-05-25,892
2019-05-26,875
2019-05-27,888
2019-05-28,890
2019-05-29,872
2019-05-30,877
2019-05-31,876
2019-06-01,847
2019-06-02,873
2019-06-03,874
2019-06-04,861
2019-06-05,881
2019-06-06,872
2019-06-07,864
2019-06-08,870
2019-06-09,867
2019-06-10,865
2019-06-11,868
2019-06-12,857
2019-06-13,865
2019-06-14,868
2019-06-15,853
2019-06-16,860
2019-06-17,863
2019-06-18,866
2019-06-19,855
2019-06-20,849
2019-06-21,857
2019-06-22,857
2019-06-23,874
2019-06-24,855
2019-06-25,857
2019-06-26,853
2019-06-27,859
2019-06-28,848
2019-06-29,852
2019-06-30,842
2019-07-01,857
2019-07-02,852
2019-07-03,855
2019-07-04,838
2019-07-05,838
2019-07-06,850
2019-07-07,840
2019-07-08,827
2019-07-09,839
2019-07-10,856
2019-07-11,846
2019-07-12,844
2019-07-13,832
2019-07-14,851
2019-07-15,827
2019-07-16,854
2019-07-17,841
2019-07-18,818
2019-07-19,832
2019-07-20,835
2019-07-21,831
2019-07-22,831
2019-07-23,821
2019-07-24,839
2019-07-25,833
2019-07-26,816
2019-07-27,833
2019-07-28,848
2019-07-29,824
2019-07-30,833
2019-07-31,818
2019-08-01,826
2019-08-02,840
2019-08-03,819
2019-08-04,827
2019-08-05,831
2019-08-06,822
2019-08-07,830
2019-08-08,826
2019-08-09,822
2019-08-10,803
2019-08-11,829
2019-08-12,804
2019-08-13,840
2019-08-14,820
2019-08-15,829
2019-08-16,821
2019-08-17,812
2019-08-18,819
2019-08-19,809
2019-08-20,826
2019-08-21,798
2019-08-22,816
2019-08-23,793
2019-08-24,794
2019-08-25,805
2019-08-26,824
2019-08-27,816
2019-08-28,815
2019-08-29,797
2019-08-30,786
2019-08-31,805
2019-09-01,806
2019-09-02,810
2019-09-03,802
2019-09-04,804
2019-09-05,806
2019-09-06,803
2019-09-07,804
2019-09-08,791
2019-09-09,805
2019-09-10,807
2019-09-11,814
2019-09-12,805
2019-09-13,797
2019-09-14,805
2019-09-15,807
2019-09-16,805
2019-09-17,794
2019-09-18,818
2019-09-19,815
2019-09-20,795
2019-09-21,810
2019-09-22,789
2019-09-23,795
2019-09-24,778
2019-09-25,790
2019-09-26,799
2019-09-27,798
2019-09-28,802
2019-09-29,790
2019-09-30,795
2019-10-01,791
2019-10-02,804
2019-10-03,814
2019-10-04,808
2019-10-05,801
2019-10-06,811
2019-10-07,800
2019-10-08,783
2019-10-09,817
2019-10-10,809
2019-10-11,799
2019-10-12,786
2019-10-13,806
2019-10-14,786
2019-10-15,805
2019-10-16,798
2019-10-17,800
2019-10-18,814
2019-10-19,811
2019-10-20,795
2019-10-21,788
2019-10-22,793
2019-10-23,795
2019-10-24,816
2019-10-25,807
2019-10-26,827
2019-10-27,821
2019-10-28,798
2019-10-29,801
2019-10-30,834
2019-10-31,800
2019-11-01,817
2019-11-02,808
2019-11-03,824
2019-11-04,810
2019-11-05,809
2019-11-06,807
2019-11-07,820
2019-11-08,827
2019-11-09,833
2019-11-10,808
2019-11-11,819
2019-11-12,819
2019-11-13,837
2019-11-14,809
2019-11-15,825
2019-11-16,816
2019-11-17,794
2019-11-18,815
2019-11-19,831
2019-11-20,817
2019-11-21,802
2019-11-22,816
2019-11-23,806
2019-11-24,840
2019-11-25,813
2019-11-26,818
2019-11-27,832
2019-11-28,826
2019-11-29,837
2019-11-30,842
2019-12-01,827
2019-12-02,832
2019-12-03,842
2019-12-04,825
2019-12-05,829
2019-12-06,834
2019-12-07,847
2019-12-08,837
2019-12-09,813
2019-12-10,858
2019-12-11,845
2019-12-12,836
2019-12-13,844
2019-12-14,844
2019-12-15,840
2019-12-16,842
2019-12-17,850
2019-12-18,848
2019-12-19,847
2019-12-20,856
2019-12-21,840
2019-12-22,852
2019-12-23,853
2019-12-24,834
2019-12-25,852
2019-12-26,864
2019-12-27,848
2019-12-28,856
2019-12-29,855
2019-12-30,862
2019-12-31,854
